id,first_name,last_name,email,gender,ip_address
1,Ruperta,Wingatt,rwingatt0@cocolog-nifty.com,Male,117.84.136.120
2,Roseline,Halsey,rhalsey1@moonfruit.com,Polygender,235.126.11.33
3,Mitchell,Puleston,mpuleston2@reddit.com,Non-binary,60.254.194.254
4,Darwin,Bewley,dbewley3@phoca.cz,Male,104.255.218.58
5,Milka,Chicchelli,mchicchelli4@surveymonkey.com,Non-binary,63.251.66.138
6,Anthea,Berzon,aberzon5@studiopress.com,Agender,83.41.69.250
7,Emlyn,Styche,estyche6@etsy.com,Polygender,228.205.122.178
8,Kathye,Petrelli,kpetrelli7@yahoo.co.jp,Genderfluid,244.41.63.199
9,Chaddie,Leguay,cleguay8@yale.edu,Bigender,185.189.96.46
10,Pammi,Flew,pflew9@opera.com,Bigender,106.87.72.47
11,Emelda,Denkel,edenkela@earthlink.net,Genderfluid,233.235.56.56
12,Whit,Garstan,wgarstanb@shop-pro.jp,Polygender,44.54.225.225
13,Trudey,Castells,tcastellsc@wired.com,Polygender,223.38.199.196
14,Milli,Sarfati,msarfatid@sbwire.com,Polygender,120.138.180.200
15,Tim,McShirrie,tmcshirriee@dot.gov,Agender,36.189.200.13
16,Cly,Hallum,challumf@goodreads.com,Bigender,246.29.220.11
17,Willard,Lamberto,wlambertog@goodreads.com,Male,127.134.219.120
18,Werner,Ibbett,wibbetth@newsvine.com,Polygender,171.238.118.92
19,Karlan,Skelhorn,kskelhorni@nyu.edu,Agender,31.72.5.171
20,Virgie,Fraczak,vfraczakj@state.gov,Genderqueer,46.22.175.253
21,Alexine,Trigwell,atrigwellk@netscape.com,Genderfluid,131.179.72.14
22,Siana,Bigglestone,sbigglestonel@qq.com,Genderqueer,86.24.116.208
23,Christine,Boule,cboulem@360.cn,Genderqueer,113.71.248.125
24,Walker,Flucker,wfluckern@prlog.org,Genderfluid,185.235.13.3
25,Sibyl,Kittow,skittowo@census.gov,Bigender,62.78.102.64
26,Stevana,McNaught,smcnaughtp@delicious.com,Genderfluid,47.71.79.172
27,Boot,Gillice,bgilliceq@blogger.com,Agender,205.243.50.66
28,Val,Parrett,vparrettr@live.com,Non-binary,131.2.85.153
29,Georgeanne,Jillard,gjillards@cnet.com,Non-binary,78.108.203.35
30,Kalil,Dell Casa,kdellcasat@sbwire.com,Polygender,105.94.214.179
31,Renault,Tuckey,rtuckeyu@ustream.tv,Agender,1.158.123.57
32,Friedrich,Mabe,fmabev@typepad.com,Non-binary,93.17.11.52
33,Catha,Hebble,chebblew@abc.net.au,Female,221.52.157.172
34,Pattie,Figger,pfiggerx@google.co.jp,Bigender,64.134.194.86
35,Janenna,Clousley,jclousleyy@deviantart.com,Male,247.188.27.223
36,Daveta,Durtnel,ddurtnelz@icio.us,Genderqueer,212.143.175.130
37,Dione,Sharville,dsharville10@weebly.com,Genderfluid,227.88.86.99
38,Hendrika,Ghilardi,hghilardi11@mediafire.com,Genderfluid,60.214.55.118
39,Candi,McElhinney,cmcelhinney12@gnu.org,Male,1.235.150.176
40,Martelle,Shilladay,mshilladay13@washington.edu,Genderfluid,215.141.190.205
41,Ashli,Clemence,aclemence14@weibo.com,Female,77.243.153.5
42,Carlee,Ondracek,condracek15@stumbleupon.com,Non-binary,251.193.76.47
43,Ivory,Shuttlewood,ishuttlewood16@51.la,Polygender,183.72.103.28
44,Melisenda,Van Driel,mvandriel17@wikipedia.org,Non-binary,53.249.98.79
45,Martyn,Darmody,mdarmody18@loc.gov,Agender,24.252.192.189
46,Rori,Koppes,rkoppes19@yolasite.com,Female,161.49.106.1
47,Andonis,Aharoni,aaharoni1a@pagesperso-orange.fr,Female,145.108.199.239
48,Florence,Trumper,ftrumper1b@cnn.com,Male,114.138.165.59
49,Dimitri,Schenfisch,dschenfisch1c@cdc.gov,Agender,131.129.221.95
50,Salli,Parkhouse,sparkhouse1d@wikimedia.org,Genderqueer,138.169.49.103
51,Carmel,Jouhandeau,cjouhandeau1e@bloomberg.com,Bigender,54.244.203.174
52,Daffi,Pithcock,dpithcock1f@whitehouse.gov,Genderfluid,239.15.11.18
53,Elden,Blaymires,eblaymires1g@sakura.ne.jp,Non-binary,121.161.123.56
54,Roxane,Coppock.,rcoppock1h@4shared.com,Genderqueer,28.20.250.225
55,Maxy,Thrush,mthrush1i@dailymotion.com,Polygender,66.90.183.7
56,Ozzy,Flori,oflori1j@mashable.com,Bigender,67.227.175.154
57,Demetris,Romney,dromney1k@macromedia.com,Genderqueer,39.234.161.243
58,Jackelyn,Kirgan,jkirgan1l@wikipedia.org,Agender,217.114.95.207
59,Meredith,Bentke,mbentke1m@t-online.de,Polygender,230.227.155.43
60,Rafael,Luna,rluna1n@kickstarter.com,Male,194.194.53.30
61,Byran,Capun,bcapun1o@tmall.com,Agender,244.43.69.211
62,Louise,Tanser,ltanser1p@xing.com,Genderqueer,119.87.69.21
63,Lyndsey,Koppen,lkoppen1q@guardian.co.uk,Male,65.27.138.18
64,Claresta,Drysdall,cdrysdall1r@abc.net.au,Agender,77.180.116.180
65,Durante,Synnott,dsynnott1s@noaa.gov,Genderfluid,20.223.83.231
66,Gertie,Tozer,gtozer1t@pagesperso-orange.fr,Genderfluid,180.128.38.189
67,Leslie,Gostall,lgostall1u@github.com,Female,96.93.200.230
68,Heindrick,MacGauhy,hmacgauhy1v@google.ca,Genderqueer,10.252.18.191
69,Winifred,Hince,whince1w@hc360.com,Bigender,127.10.75.251
70,Antonino,Bernardeau,abernardeau1x@drupal.org,Non-binary,128.29.41.251
71,Kliment,Lisamore,klisamore1y@cocolog-nifty.com,Polygender,58.196.221.5
72,Timmie,Phlippi,tphlippi1z@independent.co.uk,Genderqueer,198.237.109.113
73,Hynda,Gehrts,hgehrts20@nasa.gov,Genderfluid,155.213.79.233
74,Vera,Purviss,vpurviss21@1und1.de,Male,112.138.37.121
75,Karyl,Kalinovich,kkalinovich22@cloudflare.com,Non-binary,185.25.212.45
76,Dalt,Keher,dkeher23@cornell.edu,Polygender,58.18.116.6
77,Stephani,Fullilove,sfullilove24@seattletimes.com,Male,170.164.156.134
78,Marlyn,Witten,mwitten25@economist.com,Female,79.9.255.71
79,Hillery,Mellmer,hmellmer26@irs.gov,Male,105.72.59.12
80,Erinna,Fedder,efedder27@wufoo.com,Agender,200.66.232.38
81,Hamish,Tailby,htailby28@irs.gov,Non-binary,192.176.71.136
82,Colet,Rosenstengel,crosenstengel29@biglobe.ne.jp,Female,76.47.84.140
83,Shawn,Eixenberger,seixenberger2a@feedburner.com,Female,100.186.9.94
84,Adham,Safhill,asafhill2b@dion.ne.jp,Genderqueer,26.65.221.184
85,Lucius,Deas,ldeas2c@friendfeed.com,Female,104.41.13.33
86,Odella,Clarridge,oclarridge2d@chronoengine.com,Bigender,69.252.141.9
87,Junette,Ducrow,jducrow2e@psu.edu,Genderqueer,176.75.153.174
88,Richart,Dearlove,rdearlove2f@cyberchimps.com,Female,56.22.220.76
89,Fanchon,Petrillo,fpetrillo2g@spiegel.de,Non-binary,248.192.133.178
90,Katrinka,Brissard,kbrissard2h@delicious.com,Female,222.250.158.249
91,Dorolisa,Cosgry,dcosgry2i@smugmug.com,Agender,15.234.44.221
92,Derrik,Clelland,dclelland2j@biglobe.ne.jp,Bigender,82.242.110.28
93,Sari,Lefort,slefort2k@usnews.com,Genderqueer,10.105.83.177
94,Mil,Blachford,mblachford2l@t.co,Male,86.48.12.154
95,Lynna,Benedict,lbenedict2m@unesco.org,Polygender,216.174.98.200
96,Jarvis,Listone,jlistone2n@bing.com,Polygender,225.188.118.36
97,Marcelo,Kitteridge,mkitteridge2o@csmonitor.com,Agender,86.154.202.239
98,Trstram,Ivanishev,tivanishev2p@is.gd,Polygender,168.22.5.144
99,Harwell,Dankov,hdankov2q@de.vu,Genderfluid,212.149.47.247
100,Hakeem,Smoughton,hsmoughton2r@huffingtonpost.com,Genderfluid,213.25.27.217
101,Fayre,Enderson,fenderson2s@skype.com,Male,233.213.246.6
102,Minni,Bisley,mbisley2t@sakura.ne.jp,Bigender,4.176.231.125
103,Lazarus,Wallman,lwallman2u@yale.edu,Genderfluid,71.105.165.99
104,Rock,Tolland,rtolland2v@ovh.net,Non-binary,64.228.97.240
105,Filmer,Oxberry,foxberry2w@unblog.fr,Bigender,170.6.253.195
106,Kristian,Weedon,kweedon2x@nbcnews.com,Polygender,34.98.116.10
107,Corty,Chell,cchell2y@disqus.com,Non-binary,122.252.64.39
108,Garrik,Pawden,gpawden2z@nytimes.com,Agender,126.89.178.120
109,Haven,Beckerleg,hbeckerleg30@hud.gov,Male,206.101.175.115
110,Gweneth,Riseley,griseley31@gmpg.org,Non-binary,35.135.254.233
111,Waldon,Harmstone,wharmstone32@nymag.com,Polygender,249.225.88.23
112,Burlie,Fratczak,bfratczak33@hugedomains.com,Female,138.112.164.57
113,Pattie,Willoughby,pwilloughby34@redcross.org,Bigender,184.170.172.26
114,Kurtis,Rainy,krainy35@simplemachines.org,Non-binary,35.181.53.148
115,Sharon,Westmorland,swestmorland36@hostgator.com,Genderfluid,101.61.126.4
116,Alric,Donaghie,adonaghie37@ucoz.com,Non-binary,80.109.33.211
117,Bathsheba,Bernth,bbernth38@twitter.com,Male,76.106.69.36
118,Frieda,Tukely,ftukely39@hao123.com,Genderqueer,141.220.66.138
119,Karee,Prayer,kprayer3a@cbsnews.com,Agender,26.12.47.38
120,Claretta,Emby,cemby3b@nytimes.com,Genderfluid,251.114.156.76
121,Charisse,Billsberry,cbillsberry3c@merriam-webster.com,Polygender,210.207.212.1
122,Lanette,Kemish,lkemish3d@newsvine.com,Polygender,226.113.113.120
123,Spike,Eim,seim3e@yellowbook.com,Genderqueer,220.232.219.76
124,Annecorinne,Eeles,aeeles3f@skyrock.com,Bigender,229.145.245.92
125,Anthia,Keysel,akeysel3g@slate.com,Female,51.81.241.89
126,Eolanda,Balffye,ebalffye3h@jigsy.com,Female,138.137.134.104
127,Ag,Crass,acrass3i@slideshare.net,Male,221.66.148.217
128,Montgomery,Blissett,mblissett3j@zdnet.com,Agender,118.111.168.96
129,Gardie,Sellner,gsellner3k@archive.org,Female,39.21.184.24
130,Mackenzie,Olyonov,molyonov3l@tinypic.com,Polygender,245.59.210.187
131,Seka,Cleaves,scleaves3m@census.gov,Agender,5.196.160.220
132,Bertram,Malimoe,bmalimoe3n@nifty.com,Genderqueer,217.112.56.177
133,Chaddy,Marflitt,cmarflitt3o@amazonaws.com,Bigender,4.57.7.167
134,Gordon,McCroary,gmccroary3p@mapquest.com,Polygender,246.83.163.195
135,Maureene,Grigoriev,mgrigoriev3q@histats.com,Bigender,39.195.53.45
136,Lisle,Biggadyke,lbiggadyke3r@gizmodo.com,Female,76.53.97.189
137,Jaimie,Skoate,jskoate3s@state.gov,Male,203.21.172.194
138,Xavier,Laurant,xlaurant3t@yolasite.com,Polygender,216.241.250.136
139,Aloin,Bigmore,abigmore3u@blog.com,Female,166.30.162.154
140,Hildy,Lowndsbrough,hlowndsbrough3v@stanford.edu,Polygender,6.29.7.103
141,Donny,Peggrem,dpeggrem3w@washingtonpost.com,Genderqueer,128.139.107.238
142,Adam,Giorgiutti,agiorgiutti3x@blogspot.com,Polygender,58.90.181.250
143,Tuesday,Dolby,tdolby3y@timesonline.co.uk,Non-binary,34.240.148.146
144,Conny,Walley,cwalley3z@yelp.com,Male,111.41.24.7
145,Mercie,Wilflinger,mwilflinger40@discuz.net,Non-binary,50.143.156.253
146,Erda,Poulgreen,epoulgreen41@artisteer.com,Bigender,235.67.182.139
147,Derry,Pasek,dpasek42@nih.gov,Non-binary,4.1.121.88
148,Vanna,Kemer,vkemer43@seesaa.net,Genderfluid,35.240.21.93
149,Kirk,Gawthorpe,kgawthorpe44@i2i.jp,Genderfluid,157.12.155.8
150,Letty,Skevington,lskevington45@go.com,Polygender,42.148.250.78
151,Danni,Fidgett,dfidgett46@surveymonkey.com,Agender,171.175.2.138
152,Arvin,Diprose,adiprose47@usatoday.com,Genderqueer,69.77.67.6
153,Thedric,Ruprich,truprich48@indiatimes.com,Agender,1.91.138.86
154,Marga,Dallyn,mdallyn49@archive.org,Non-binary,213.19.108.145
155,Vania,Alpin,valpin4a@bloglovin.com,Genderqueer,118.95.138.54
156,Dionis,Quaintance,dquaintance4b@people.com.cn,Genderqueer,213.211.229.171
157,Devonna,Skupinski,dskupinski4c@apache.org,Polygender,73.78.170.60
158,Leland,Shovel,lshovel4d@example.com,Polygender,139.183.218.169
159,Brittan,Palphramand,bpalphramand4e@jalbum.net,Female,85.41.194.177
160,Kerwin,Ghidetti,kghidetti4f@sakura.ne.jp,Female,138.78.224.86
161,Phylys,Naire,pnaire4g@zdnet.com,Non-binary,50.208.20.236
162,Koren,Campagne,kcampagne4h@usda.gov,Polygender,200.88.46.48
163,Lalo,Lerigo,llerigo4i@tmall.com,Agender,163.252.222.88
164,Warner,Purver,wpurver4j@nyu.edu,Genderfluid,57.242.200.47
165,Phillip,Banke,pbanke4k@ucsd.edu,Bigender,98.176.238.250
166,Jenelle,Pomfrett,jpomfrett4l@theatlantic.com,Genderfluid,254.184.178.94
167,Titus,Garric,tgarric4m@un.org,Genderqueer,223.234.64.118
168,Rosco,Morgan,rmorgan4n@cocolog-nifty.com,Genderfluid,240.52.180.136
169,Jaquenette,Pankettman,jpankettman4o@census.gov,Genderfluid,37.16.168.183
170,Artemis,Tytherton,atytherton4p@bluehost.com,Non-binary,127.158.192.33
171,Row,Loadman,rloadman4q@newyorker.com,Female,134.160.102.96
172,Mercie,McCloy,mmccloy4r@shop-pro.jp,Non-binary,109.216.195.85
173,Kerstin,Corsham,kcorsham4s@edublogs.org,Genderfluid,85.169.21.33
174,Johnna,Trotton,jtrotton4t@who.int,Female,156.21.132.173
175,Anderson,Leeburn,aleeburn4u@gizmodo.com,Agender,73.25.62.26
176,Bell,Aughtie,baughtie4v@go.com,Genderqueer,57.120.125.236
177,Bernardine,McKeighan,bmckeighan4w@vkontakte.ru,Non-binary,191.131.142.0
178,Meredith,Filyakov,mfilyakov4x@blog.com,Agender,68.4.200.8
179,Vilhelmina,Broxton,vbroxton4y@businesswire.com,Genderfluid,251.206.47.75
180,Carlene,Davion,cdavion4z@vk.com,Genderfluid,218.211.29.185
181,Donaugh,Sterrick,dsterrick50@pagesperso-orange.fr,Non-binary,153.187.0.177
182,Crissy,Loines,cloines51@amazon.de,Female,3.90.156.218
183,Bobbee,Stack,bstack52@ucoz.com,Female,222.126.234.190
184,Gabbi,Streatley,gstreatley53@phpbb.com,Genderfluid,178.81.124.80
185,Jody,Sisland,jsisland54@blogger.com,Genderfluid,162.139.162.142
186,Merline,Willacot,mwillacot55@elegantthemes.com,Female,198.143.167.143
187,Amalee,Luff,aluff56@symantec.com,Polygender,241.35.252.186
188,Broderick,Hendrik,bhendrik57@archive.org,Polygender,132.181.137.136
189,Camile,Dominick,cdominick58@booking.com,Agender,158.25.185.13
190,Nichole,Bodham,nbodham59@nbcnews.com,Male,22.208.69.122
191,Ula,Cornelleau,ucornelleau5a@tmall.com,Female,190.44.76.2
192,Corilla,Noraway,cnoraway5b@prnewswire.com,Female,62.125.164.29
193,Jordana,Girod,jgirod5c@gizmodo.com,Polygender,222.194.232.32
194,Drucill,Pilger,dpilger5d@deviantart.com,Genderqueer,218.25.136.213
195,Mureil,Macias,mmacias5e@ezinearticles.com,Genderqueer,67.120.166.112
196,Tallie,Wallage,twallage5f@japanpost.jp,Genderqueer,156.73.120.59
197,Melodee,Barttrum,mbarttrum5g@furl.net,Polygender,200.42.163.164
198,Ingelbert,Igounet,iigounet5h@360.cn,Genderqueer,37.105.173.178
199,Werner,Vanyushkin,wvanyushkin5i@google.com.au,Agender,222.3.18.100
200,Keven,Benck,kbenck5j@hostgator.com,Genderfluid,168.92.132.71
201,Cyndie,Olivas,colivas5k@umich.edu,Male,85.206.108.143
202,Sheffield,Sonley,ssonley5l@freewebs.com,Bigender,58.1.249.12
203,Dun,Rusbridge,drusbridge5m@smh.com.au,Genderqueer,8.210.225.186
204,Gustavus,O'Brian,gobrian5n@wordpress.com,Genderqueer,109.84.113.51
205,Lena,Bertram,lbertram5o@slashdot.org,Non-binary,58.183.231.229
206,Jerry,Meekin,jmeekin5p@dell.com,Agender,10.41.140.163
207,Laraine,Sodory,lsodory5q@icq.com,Agender,123.198.103.61
208,Regan,Seabrooke,rseabrooke5r@si.edu,Genderfluid,29.204.21.98
209,Giacinta,Elgy,gelgy5s@huffingtonpost.com,Polygender,64.235.238.95
210,Sarena,Bandiera,sbandiera5t@webs.com,Polygender,240.130.165.100
211,Godard,Downer,gdowner5u@auda.org.au,Female,110.69.123.255
212,Viola,Cartmael,vcartmael5v@vkontakte.ru,Polygender,30.243.76.18
213,Joye,Laviss,jlaviss5w@nifty.com,Genderfluid,134.108.61.197
214,Henrik,Pendergrast,hpendergrast5x@feedburner.com,Polygender,80.198.254.132
215,Karlie,Prothero,kprothero5y@biblegateway.com,Female,117.195.73.180
216,Shurwood,Matthisson,smatthisson5z@google.co.uk,Bigender,188.225.25.69
217,Nichols,Buck,nbuck60@squidoo.com,Female,209.195.222.125
218,Thacher,Jery,tjery61@marriott.com,Genderfluid,46.229.14.122
219,Estrella,Leveridge,eleveridge62@mozilla.com,Non-binary,66.229.175.247
220,Katlin,Marjanski,kmarjanski63@desdev.cn,Agender,2.19.253.183
221,Jennica,Comben,jcomben64@sogou.com,Bigender,88.211.254.153
222,Damara,Mattersley,dmattersley65@gmpg.org,Non-binary,65.109.58.86
223,Elka,Kennerknecht,ekennerknecht66@mit.edu,Agender,80.27.159.227
224,Deborah,Setch,dsetch67@tumblr.com,Polygender,7.147.3.143
225,Daisy,Revan,drevan68@phoca.cz,Non-binary,241.89.203.111
226,Thane,Groll,tgroll69@angelfire.com,Non-binary,229.48.147.95
227,Arluene,Joselevitz,ajoselevitz6a@dell.com,Non-binary,167.211.249.62
228,Jessey,Gloy,jgloy6b@mlb.com,Agender,242.1.172.238
229,Kara,Bradwell,kbradwell6c@apache.org,Non-binary,61.123.37.129
230,Adrien,Siebert,asiebert6d@elpais.com,Non-binary,55.161.132.43
231,Loise,Lean,llean6e@home.pl,Male,77.138.235.249
232,Karon,Pittoli,kpittoli6f@biblegateway.com,Female,157.91.251.236
233,Magda,Lowres,mlowres6g@amazonaws.com,Genderqueer,253.118.150.6
234,Sue,Cherrington,scherrington6h@printfriendly.com,Agender,149.198.105.167
235,Sydney,Devall,sdevall6i@trellian.com,Genderqueer,12.212.24.166
236,Shellysheldon,Delicate,sdelicate6j@eventbrite.com,Agender,123.80.250.22
237,Shoshanna,Staunton,sstaunton6k@4shared.com,Polygender,125.135.143.157
238,Fenelia,Cranham,fcranham6l@economist.com,Genderqueer,139.255.212.221
239,Pebrook,Kenneford,pkenneford6m@csmonitor.com,Bigender,3.230.194.33
240,Lynn,Polleye,lpolleye6n@so-net.ne.jp,Genderfluid,182.35.252.62
241,Jimmie,Gain,jgain6o@seattletimes.com,Non-binary,181.208.207.187
242,Brit,Cordy,bcordy6p@canalblog.com,Non-binary,242.242.7.255
243,Annecorinne,Monier,amonier6q@europa.eu,Non-binary,49.205.203.185
244,Estel,Aggett,eaggett6r@google.com,Bigender,29.58.207.247
245,Silvanus,Garms,sgarms6s@yellowpages.com,Male,104.40.78.174
246,Cassy,Kirley,ckirley6t@gizmodo.com,Agender,52.49.181.249
247,Valera,Barrick,vbarrick6u@go.com,Bigender,195.54.54.83
248,Pascale,Ropert,propert6v@aboutads.info,Male,85.31.123.188
249,Netta,Idel,nidel6w@disqus.com,Agender,236.189.136.219
250,Eddie,Brabbs,ebrabbs6x@seattletimes.com,Genderfluid,49.235.21.239
251,Barrett,Biaggetti,bbiaggetti6y@indiegogo.com,Non-binary,71.55.130.160
252,Baird,Episcopi,bepiscopi6z@huffingtonpost.com,Genderfluid,170.24.169.66
253,Vin,O'Logan,vologan70@statcounter.com,Male,178.204.115.176
254,Robinia,Brick,rbrick71@printfriendly.com,Agender,6.16.199.44
255,Wilmette,Bartolini,wbartolini72@constantcontact.com,Non-binary,76.228.250.52
256,Starla,Assaf,sassaf73@free.fr,Female,174.209.167.244
257,Eda,Catonne,ecatonne74@mediafire.com,Polygender,87.171.43.105
258,Ddene,Milburne,dmilburne75@google.com,Non-binary,145.134.118.149
259,Arron,Monday,amonday76@cargocollective.com,Genderqueer,250.238.85.145
260,Morgen,Martland,mmartland77@wired.com,Male,147.240.168.60
261,Eilis,Maddrah,emaddrah78@discuz.net,Agender,0.33.147.3
262,Becka,Banishevitz,bbanishevitz79@telegraph.co.uk,Female,44.73.28.226
263,Karlie,Windross,kwindross7a@desdev.cn,Male,182.219.93.108
264,Karissa,Jost,kjost7b@nyu.edu,Non-binary,85.171.179.82
265,Claude,Lambrook,clambrook7c@etsy.com,Polygender,163.33.36.35
266,Dannie,Rolph,drolph7d@nymag.com,Polygender,164.64.128.94
267,Teddy,Clemencet,tclemencet7e@altervista.org,Polygender,193.173.54.145
268,Mata,Wait,mwait7f@walmart.com,Male,196.61.242.172
269,Twyla,Keuntje,tkeuntje7g@aboutads.info,Genderfluid,162.149.248.213
270,Misty,Perrat,mperrat7h@cnbc.com,Agender,2.165.94.66
271,Joannes,Burdikin,jburdikin7i@macromedia.com,Female,104.34.166.74
272,Georgy,Chorley,gchorley7j@cloudflare.com,Genderfluid,100.105.195.68
273,Sharleen,Godilington,sgodilington7k@nymag.com,Bigender,156.110.47.154
274,Danit,Glaum,dglaum7l@amazon.de,Bigender,19.93.6.102
275,Britni,Spaxman,bspaxman7m@purevolume.com,Genderfluid,229.81.26.222
276,Trumaine,Carmichael,tcarmichael7n@elegantthemes.com,Genderqueer,44.112.225.15
277,Prudi,O' Flaherty,poflaherty7o@bigcartel.com,Male,151.141.223.253
278,Rhianon,Clayson,rclayson7p@xinhuanet.com,Agender,114.205.245.254
279,Cairistiona,Whellans,cwhellans7q@edublogs.org,Bigender,233.12.151.49
280,Brion,Cleve,bcleve7r@paginegialle.it,Non-binary,236.253.122.90
281,Derk,Vignal,dvignal7s@google.es,Male,8.60.133.176
282,Gale,Dunmore,gdunmore7t@ehow.com,Female,17.89.245.199
283,Koralle,De Vuyst,kdevuyst7u@ebay.com,Female,143.168.125.220
284,Pail,Maseyk,pmaseyk7v@fda.gov,Genderqueer,236.79.36.210
285,Hurley,Middlemiss,hmiddlemiss7w@prnewswire.com,Polygender,97.139.77.80
286,Jaye,Eakin,jeakin7x@google.com.br,Genderqueer,126.213.164.200
287,Zacharias,Surplice,zsurplice7y@dmoz.org,Non-binary,203.142.82.16
288,Silvain,Tremberth,stremberth7z@blinklist.com,Non-binary,172.153.112.121
289,Sue,Sherbrook,ssherbrook80@dailymail.co.uk,Female,61.169.163.182
290,Melessa,McWhin,mmcwhin81@upenn.edu,Non-binary,164.205.103.215
291,Maude,Kilminster,mkilminster82@clickbank.net,Female,124.182.242.218
292,Reiko,Danilovitch,rdanilovitch83@acquirethisname.com,Agender,172.175.160.206
293,Giralda,Godfray,ggodfray84@upenn.edu,Polygender,140.126.166.102
294,Ebenezer,Vignal,evignal85@flickr.com,Genderfluid,41.33.148.105
295,Linnell,Goane,lgoane86@pen.io,Non-binary,67.49.63.229
296,Vikky,Bartocci,vbartocci87@taobao.com,Agender,112.97.42.31
297,Craggie,Garrand,cgarrand88@goo.gl,Male,17.49.174.227
298,Standford,Cristou,scristou89@discovery.com,Female,153.160.166.160
299,Catherine,Manley,cmanley8a@chronoengine.com,Bigender,66.184.94.216
300,Melissa,Hansley,mhansley8b@illinois.edu,Non-binary,178.69.113.30
301,Oriana,Pettican,opettican8c@wordpress.com,Female,21.102.147.128
302,Danya,Biddiss,dbiddiss8d@dmoz.org,Genderqueer,220.61.104.62
303,Lamar,McVaugh,lmcvaugh8e@omniture.com,Non-binary,11.38.190.196
304,Meryl,Priest,mpriest8f@unblog.fr,Polygender,65.18.1.219
305,Netti,Berzons,nberzons8g@indiatimes.com,Polygender,130.80.24.79
306,Enos,Tuson,etuson8h@newyorker.com,Polygender,105.76.185.174
307,Elna,Castleton,ecastleton8i@tamu.edu,Polygender,183.121.118.242
308,Mommy,Whild,mwhild8j@cbslocal.com,Non-binary,173.27.64.130
309,Mel,Dowall,mdowall8k@blog.com,Bigender,59.184.143.217
310,Oby,Libri,olibri8l@fastcompany.com,Polygender,99.170.237.120
311,Allis,Smedley,asmedley8m@vimeo.com,Female,169.244.17.122
312,Alecia,Woolard,awoolard8n@thetimes.co.uk,Genderqueer,122.110.102.210
313,Titus,Portis,tportis8o@bizjournals.com,Genderfluid,136.120.126.232
314,Jeannie,Andover,jandover8p@squidoo.com,Genderfluid,241.135.148.121
315,Odelinda,Jinkinson,ojinkinson8q@123-reg.co.uk,Genderfluid,170.208.136.58
316,Trevar,Udell,tudell8r@jimdo.com,Female,76.109.209.4
317,Maryjo,Bryns,mbryns8s@wunderground.com,Genderfluid,203.25.51.227
318,Weidar,O' Dornan,wodornan8t@yahoo.com,Polygender,42.235.167.243
319,Ferguson,Boog,fboog8u@ca.gov,Male,109.237.115.253
320,Roxana,Rowell,rrowell8v@yolasite.com,Non-binary,172.220.110.29
321,Wallace,Kimbrey,wkimbrey8w@rediff.com,Bigender,130.39.95.3
322,Ellette,Simion,esimion8x@marriott.com,Male,7.97.92.153
323,Amanda,Van Arsdale,avanarsdale8y@e-recht24.de,Male,182.84.141.83
324,Urbano,Dipple,udipple8z@si.edu,Female,245.189.119.85
325,Leroy,Thing,lthing90@pcworld.com,Non-binary,102.148.26.33
326,Maye,Gail,mgail91@typepad.com,Male,36.147.135.53
327,Nils,MacPeice,nmacpeice92@latimes.com,Bigender,38.122.31.226
328,Bernardina,Janway,bjanway93@discuz.net,Female,96.97.23.24
329,Jeremie,Waistell,jwaistell94@sitemeter.com,Polygender,113.179.10.159
330,Bellina,Ingliby,bingliby95@ca.gov,Genderqueer,97.198.75.118
331,Brennen,Forrestill,bforrestill96@jimdo.com,Non-binary,150.108.252.199
332,Mady,Spurrett,mspurrett97@arizona.edu,Genderqueer,197.35.97.68
333,Dominic,Locke,dlocke98@nhs.uk,Agender,195.22.234.248
334,Alecia,Cameron,acameron99@etsy.com,Female,4.16.118.192
335,Petronilla,Woodings,pwoodings9a@booking.com,Male,86.209.228.68
336,Aldridge,Entwisle,aentwisle9b@php.net,Bigender,59.197.152.0
337,Jess,Tayloe,jtayloe9c@sogou.com,Genderqueer,200.251.115.253
338,Feliks,Lovelady,flovelady9d@google.co.jp,Female,12.46.136.148
339,Mannie,Shearme,mshearme9e@disqus.com,Non-binary,185.86.253.87
340,Maggi,Nestor,mnestor9f@ask.com,Female,119.213.85.86
341,Carolus,McGerr,cmcgerr9g@pinterest.com,Male,94.126.247.33
342,Alvy,L'Hommeau,alhommeau9h@bigcartel.com,Female,75.99.58.58
343,Evangelina,Peddie,epeddie9i@ebay.com,Male,167.217.233.237
344,Ilene,Sitwell,isitwell9j@dropbox.com,Non-binary,95.112.111.225
345,Collete,Galler,cgaller9k@webmd.com,Male,113.2.71.141
346,Trudi,Peto,tpeto9l@chronoengine.com,Agender,227.139.146.252
347,Ardene,Took,atook9m@cmu.edu,Genderqueer,39.107.149.80
348,Rena,Gutridge,rgutridge9n@sciencedaily.com,Polygender,245.97.132.185
349,Faith,Fillon,ffillon9o@yale.edu,Genderqueer,174.203.228.166
350,Jorey,Brakewell,jbrakewell9p@issuu.com,Genderqueer,216.29.169.5
351,Gaspard,Inkster,ginkster9q@hostgator.com,Agender,22.224.252.51
352,Monty,Eleshenar,meleshenar9r@pen.io,Agender,100.39.72.141
353,Morgen,Hasley,mhasley9s@facebook.com,Male,244.172.26.32
354,Agnola,Fessby,afessby9t@ihg.com,Bigender,51.67.42.154
355,Geordie,Gores,ggores9u@taobao.com,Male,112.109.147.88
356,Lisle,Bescoby,lbescoby9v@istockphoto.com,Non-binary,96.104.121.131
357,Rosco,Klemenz,rklemenz9w@google.es,Genderfluid,86.42.160.228
358,Arie,Daburn,adaburn9x@newsvine.com,Genderqueer,254.159.32.123
359,Suzie,Keattch,skeattch9y@rambler.ru,Bigender,78.124.179.205
360,Ole,Collidge,ocollidge9z@economist.com,Genderqueer,245.135.207.42
361,Lorena,Satchel,lsatchela0@aol.com,Male,241.225.12.28
362,Catriona,Gerb,cgerba1@g.co,Female,92.216.141.54
363,Claire,Sirrell,csirrella2@rediff.com,Female,130.60.200.120
364,Marsiella,Hullin,mhullina3@google.es,Non-binary,190.69.190.61
365,Kylie,Steers,ksteersa4@addthis.com,Female,71.198.65.24
366,Barbra,Cauthra,bcauthraa5@friendfeed.com,Agender,91.229.208.134
367,Amy,Meier,ameiera6@addtoany.com,Agender,230.184.184.90
368,Bran,Solley,bsolleya7@reddit.com,Non-binary,127.158.77.85
369,Trixie,Fidele,tfidelea8@privacy.gov.au,Genderqueer,52.19.42.181
370,Lilyan,Greenhough,lgreenhougha9@simplemachines.org,Genderqueer,149.76.191.104
371,Cheri,Strattan,cstrattanaa@cbc.ca,Bigender,73.234.119.78
372,Marj,Rospars,mrosparsab@usgs.gov,Polygender,107.158.145.254
373,Bryana,Sharma,bsharmaac@elegantthemes.com,Bigender,178.18.154.232
374,Henryetta,Bengough,hbengoughad@accuweather.com,Male,170.191.247.92
375,Alano,Fieldsend,afieldsendae@uol.com.br,Female,238.242.210.60
376,Lynnett,McGarrity,lmcgarrityaf@exblog.jp,Genderqueer,42.67.152.199
377,Connie,Mushawe,cmushaweag@microsoft.com,Male,111.122.190.13
378,Richmound,Loud,rloudah@xrea.com,Polygender,213.207.192.80
379,Dorothy,Doick,ddoickai@hatena.ne.jp,Agender,70.118.165.108
380,Morris,Ferminger,mfermingeraj@feedburner.com,Polygender,62.119.14.66
381,Kathi,Mullineux,kmullineuxak@kickstarter.com,Agender,73.127.160.214
382,Elaina,Lenney,elenneyal@issuu.com,Polygender,248.193.4.204
383,Sinclair,Cello,scelloam@360.cn,Genderfluid,180.149.174.61
384,Bee,Zukerman,bzukermanan@amazon.co.jp,Non-binary,204.86.4.179
385,Florette,Dudgeon,fdudgeonao@devhub.com,Male,20.71.118.93
386,Nolan,Ciccarelli,nciccarelliap@noaa.gov,Genderqueer,128.115.193.229
387,Gerek,Wearing,gwearingaq@pinterest.com,Male,65.53.237.250
388,Corie,Fischer,cfischerar@irs.gov,Genderqueer,6.74.181.140
389,Del,Walczynski,dwalczynskias@ca.gov,Female,100.39.197.206
390,Angelique,Eshelby,aeshelbyat@cam.ac.uk,Genderfluid,105.5.247.178
391,Fayina,Steward,fstewardau@barnesandnoble.com,Bigender,228.127.33.116
392,Wheeler,Moulton,wmoultonav@parallels.com,Non-binary,112.133.79.207
393,Kelsey,Gracewood,kgracewoodaw@tamu.edu,Agender,235.173.34.255
394,Reta,Speers,rspeersax@drupal.org,Genderfluid,227.28.102.37
395,Marjie,Cuniam,mcuniamay@techcrunch.com,Genderfluid,238.248.77.239
396,Scotti,Aireton,sairetonaz@yellowbook.com,Agender,68.59.135.50
397,Luella,Goodspeed,lgoodspeedb0@aboutads.info,Female,130.78.52.9
398,Brynne,McCaig,bmccaigb1@weibo.com,Female,181.25.69.142
399,Clywd,Mandel,cmandelb2@cloudflare.com,Non-binary,67.197.222.38
400,Mac,Gomery,mgomeryb3@utexas.edu,Genderfluid,214.38.30.165
401,Isaiah,MacDonald,imacdonaldb4@uiuc.edu,Agender,8.172.169.51
402,Yuri,Tenpenny,ytenpennyb5@cmu.edu,Genderqueer,82.178.134.180
403,Ingaberg,Chesnut,ichesnutb6@uol.com.br,Genderqueer,249.210.70.2
404,Adena,McLagan,amclaganb7@xinhuanet.com,Genderqueer,220.165.155.62
405,Coop,Tavner,ctavnerb8@fastcompany.com,Male,20.158.6.76
406,Mar,Plumbridge,mplumbridgeb9@usa.gov,Genderfluid,135.4.13.53
407,Claudetta,Acuna,cacunaba@blinklist.com,Polygender,137.106.201.149
408,Frayda,Kindon,fkindonbb@mac.com,Non-binary,229.148.255.216
409,Anjela,Moloney,amoloneybc@i2i.jp,Male,105.30.235.225
410,Lizabeth,Josefsohn,ljosefsohnbd@cbc.ca,Female,108.222.39.48
411,Breena,Portsmouth,bportsmouthbe@livejournal.com,Female,195.107.173.84
412,Torrance,Morse,tmorsebf@123-reg.co.uk,Polygender,171.143.145.180
413,Salmon,Hamberstone,shamberstonebg@reuters.com,Bigender,236.70.28.138
414,Lindsey,Norbury,lnorburybh@delicious.com,Genderfluid,200.0.89.188
415,Brande,Cadagan,bcadaganbi@hc360.com,Non-binary,25.202.29.0
416,Issie,Rentilll,irentilllbj@networkadvertising.org,Male,133.75.214.86
417,Jarid,Rosbrough,jrosbroughbk@sohu.com,Polygender,118.44.109.155
418,Arvie,Chifney,achifneybl@youtube.com,Genderqueer,252.127.143.101
419,Tripp,Blaycock,tblaycockbm@digg.com,Non-binary,129.54.168.112
420,Garvey,Briton,gbritonbn@skyrock.com,Bigender,110.42.22.191
421,Thornie,Frostdick,tfrostdickbo@mtv.com,Non-binary,245.78.67.173
422,Aggie,Norheny,anorhenybp@plala.or.jp,Polygender,149.89.62.147
423,Felike,Matijasevic,fmatijasevicbq@engadget.com,Genderfluid,35.0.150.66
424,Larissa,Gosden,lgosdenbr@sitemeter.com,Male,57.219.210.220
425,Idelle,Farnworth,ifarnworthbs@ihg.com,Agender,189.43.114.26
426,Carola,Sawforde,csawfordebt@soundcloud.com,Genderqueer,178.178.29.196
427,Ozzie,Edsell,oedsellbu@senate.gov,Genderfluid,36.4.235.212
428,Nahum,Feasby,nfeasbybv@opera.com,Genderfluid,6.48.164.155
429,Gardie,McBratney,gmcbratneybw@opera.com,Non-binary,137.81.131.182
430,Maury,Tallis,mtallisbx@bloglines.com,Female,34.222.61.74
431,Beverly,German,bgermanby@thetimes.co.uk,Male,63.84.45.44
432,Beverlie,Trail,btrailbz@t.co,Bigender,198.224.43.188
433,Betteanne,Legier,blegierc0@homestead.com,Polygender,195.29.87.139
434,Tyrus,Kemish,tkemishc1@chronoengine.com,Genderqueer,199.233.65.137
435,Carmita,Venable,cvenablec2@indiatimes.com,Genderfluid,97.174.200.210
436,Elset,Corss,ecorssc3@umn.edu,Female,26.89.240.148
437,Mathias,McBratney,mmcbratneyc4@miitbeian.gov.cn,Genderfluid,135.248.78.27
438,Ransell,Dionisetti,rdionisettic5@time.com,Genderqueer,195.130.91.9
439,Zara,Denning,zdenningc6@joomla.org,Female,48.36.15.157
440,Belvia,Bragge,bbraggec7@craigslist.org,Genderqueer,66.241.211.7
441,Obed,Ramsby,oramsbyc8@shop-pro.jp,Agender,219.162.197.184
442,Bunnie,Icom,bicomc9@dailymotion.com,Female,224.255.35.90
443,Giacopo,Rimour,grimourca@mtv.com,Non-binary,23.158.102.50
444,Noel,Carlesso,ncarlessocb@nsw.gov.au,Genderfluid,166.213.31.21
445,Demott,Glancy,dglancycc@usgs.gov,Male,79.250.176.24
446,Perri,Langlais,planglaiscd@omniture.com,Genderfluid,148.150.95.153
447,Bevin,Hinchon,bhinchonce@ucsd.edu,Polygender,121.190.185.181
448,Corrine,Fulks,cfulkscf@aol.com,Agender,147.242.216.112
449,Katuscha,Cissen,kcissencg@who.int,Polygender,73.95.78.84
450,Cloe,Lovitt,clovittch@answers.com,Polygender,40.113.180.231
451,Roxine,Satchell,rsatchellci@marketwatch.com,Non-binary,223.104.22.18
452,Hilarius,Teese,hteesecj@chicagotribune.com,Polygender,86.213.225.20
453,Pace,Snoddy,psnoddyck@usda.gov,Male,159.24.80.203
454,Don,Board,dboardcl@stumbleupon.com,Agender,28.73.13.39
455,Niel,Amys,namyscm@istockphoto.com,Agender,231.129.87.140
456,Oran,Petrazzi,opetrazzicn@google.ca,Genderfluid,193.159.41.245
457,Farlee,O'Brogane,fobroganeco@state.tx.us,Female,138.170.151.115
458,Colleen,Medlen,cmedlencp@illinois.edu,Polygender,112.123.232.178
459,Angus,Jenkerson,ajenkersoncq@examiner.com,Polygender,63.103.66.73
460,Gregory,Castellanos,gcastellanoscr@discuz.net,Bigender,187.67.5.159
461,Fiann,Arboine,farboinecs@answers.com,Genderfluid,4.45.85.29
462,Trina,Loffhead,tloffheadct@feedburner.com,Agender,234.65.72.99
463,Lucie,Senner,lsennercu@princeton.edu,Non-binary,121.30.191.10
464,Sarita,McElwee,smcelweecv@indiegogo.com,Non-binary,89.216.72.13
465,Leland,Wyrall,lwyrallcw@vk.com,Non-binary,247.156.4.146
466,Franny,Penhall,fpenhallcx@blog.com,Polygender,184.39.48.226
467,Gustaf,Boxen,gboxency@wikimedia.org,Male,140.130.99.86
468,Sonnie,Blackston,sblackstoncz@fastcompany.com,Male,162.61.249.65
469,Emelina,Terbruggen,eterbruggend0@smh.com.au,Agender,8.164.62.252
470,Mavis,Charkham,mcharkhamd1@army.mil,Non-binary,32.22.152.187
471,Lettie,Rheam,lrheamd2@omniture.com,Male,187.96.226.149
472,Jonathon,Fasse,jfassed3@histats.com,Non-binary,93.88.39.84
473,Celesta,Hugnot,chugnotd4@webmd.com,Genderfluid,139.213.81.157
474,Friedrich,McGavigan,fmcgavigand5@wordpress.com,Bigender,211.253.120.45
475,Corinna,Maddern,cmaddernd6@hao123.com,Polygender,14.87.8.59
476,Sammy,Yesenin,syesenind7@51.la,Agender,128.31.1.80
477,Ingrim,Sabberton,isabbertond8@guardian.co.uk,Genderqueer,34.36.67.62
478,Hadrian,Emm,hemmd9@walmart.com,Polygender,222.136.119.98
479,Valerie,Hendrix,vhendrixda@shop-pro.jp,Genderqueer,37.232.162.230
480,Damara,Tuiller,dtuillerdb@twitpic.com,Polygender,108.177.108.161
481,Yetty,Cardnell,ycardnelldc@bandcamp.com,Male,176.143.36.17
482,Nettie,Scrase,nscrasedd@xing.com,Genderqueer,245.60.227.253
483,Shandeigh,Trustey,strusteyde@homestead.com,Genderqueer,49.242.26.111
484,Salim,Blaksland,sblakslanddf@exblog.jp,Genderfluid,187.225.141.222
485,Dex,Priver,dpriverdg@instagram.com,Bigender,144.239.180.214
486,Granthem,Denial,gdenialdh@cnbc.com,Genderfluid,133.24.124.49
487,Donaugh,Ever,deverdi@homestead.com,Polygender,56.145.47.40
488,Alidia,Lasslett,alasslettdj@nymag.com,Genderfluid,187.28.253.221
489,Conant,Nichols,cnicholsdk@angelfire.com,Agender,26.125.175.58
490,Herminia,Hupe,hhupedl@gnu.org,Male,144.210.129.52
491,Alexandr,Georgeau,ageorgeaudm@webeden.co.uk,Female,96.198.54.2
492,Mercedes,Drakard,mdrakarddn@shop-pro.jp,Female,187.2.154.136
493,Marylou,Kayser,mkayserdo@upenn.edu,Agender,131.103.152.77
494,Cosimo,MacManus,cmacmanusdp@jigsy.com,Male,42.48.1.186
495,Cybil,Balcon,cbalcondq@squarespace.com,Male,190.67.58.185
496,Felipa,Pembry,fpembrydr@utexas.edu,Male,20.138.191.115
497,Ninnetta,Perham,nperhamds@blog.com,Non-binary,191.212.148.144
498,Linette,Duns,ldunsdt@uol.com.br,Bigender,100.240.156.101
499,Floyd,Kliemann,fkliemanndu@baidu.com,Polygender,23.189.156.183
500,Grant,Duhig,gduhigdv@discovery.com,Male,75.213.120.104
501,Griffin,Jacox,gjacoxdw@uiuc.edu,Polygender,227.10.112.121
502,George,Nussii,gnussiidx@slashdot.org,Bigender,229.208.104.37
503,Lissie,Andrag,landragdy@w3.org,Male,57.179.74.67
504,Eddi,Hadwin,ehadwindz@shutterfly.com,Female,59.89.235.18
505,Tabbi,Salliss,tsallisse0@networksolutions.com,Bigender,210.216.213.28
506,Aliza,Bromont,abromonte1@acquirethisname.com,Genderqueer,96.89.244.231
507,Dyanna,Carwithim,dcarwithime2@sourceforge.net,Genderfluid,95.210.239.229
508,Sybyl,Neads,sneadse3@163.com,Non-binary,33.56.213.155
509,Zoe,Kunzel,zkunzele4@amazonaws.com,Agender,59.91.71.117
510,Erinna,Beetlestone,ebeetlestonee5@mapy.cz,Female,170.200.24.39
511,Alfi,Scotchbrook,ascotchbrooke6@com.com,Genderqueer,149.141.172.91
512,Emilia,Gabotti,egabottie7@pen.io,Agender,254.181.98.110
513,Gnni,Sprey,gspreye8@nba.com,Agender,88.121.199.74
514,Minny,Mathou,mmathoue9@wsj.com,Genderqueer,224.20.130.206
515,Ilario,Craigheid,icraigheidea@dagondesign.com,Female,181.70.11.30
516,Averell,Bes,abeseb@liveinternet.ru,Male,68.225.106.51
517,Farris,MacArte,fmacarteec@fda.gov,Male,5.225.220.38
518,Nina,Tapin,ntapined@gmpg.org,Agender,176.97.219.40
519,Bary,Bennetto,bbennettoee@cbslocal.com,Genderqueer,242.191.215.87
520,Bobbye,Cocksedge,bcocksedgeef@mlb.com,Non-binary,82.63.11.137
521,Ethan,Pietrasik,epietrasikeg@mozilla.org,Agender,191.150.15.195
522,Corella,Shimwell,cshimwelleh@amazon.co.jp,Genderqueer,24.49.109.219
523,Errick,Chanter,echanterei@baidu.com,Genderqueer,2.150.194.188
524,Winfred,Damsell,wdamsellej@wordpress.com,Agender,222.159.93.222
525,Edy,Kitteman,ekittemanek@reddit.com,Non-binary,119.12.28.68
526,Morlee,Benz,mbenzel@upenn.edu,Agender,140.38.48.74
527,Dulcia,Roxburch,droxburchem@amazon.co.uk,Genderqueer,32.163.63.38
528,Nicole,De La Hay,ndelahayen@opera.com,Genderfluid,248.206.84.95
529,Gibby,Iannello,giannelloeo@delicious.com,Polygender,104.227.106.169
530,Lorin,Ambrogio,lambrogioep@ebay.com,Genderfluid,83.15.137.143
531,Inessa,Skipper,iskippereq@mozilla.com,Non-binary,201.165.211.66
532,Kelby,Doggett,kdoggetter@wikipedia.org,Male,132.199.128.14
533,Ganny,Scriver,gscriveres@earthlink.net,Non-binary,60.243.24.224
534,Abdul,Ledgard,aledgardet@blogtalkradio.com,Female,21.235.243.159
535,Fernanda,Gater,fgatereu@pen.io,Male,201.62.244.115
536,Meriel,Spores,msporesev@wordpress.com,Female,101.62.133.51
537,Cordy,Ghent,cghentew@lulu.com,Bigender,251.137.82.211
538,Nickie,Hune,nhuneex@nsw.gov.au,Genderqueer,219.102.91.50
539,Petronella,Kenwrick,pkenwrickey@japanpost.jp,Male,132.192.72.15
540,Kenny,Pellew,kpellewez@hhs.gov,Bigender,33.226.50.214
541,Nessi,Halkyard,nhalkyardf0@lulu.com,Agender,14.70.77.244
542,Kort,Feare,kfearef1@smugmug.com,Agender,220.34.193.149
543,Johan,Houseman,jhousemanf2@php.net,Genderfluid,27.146.215.170
544,Dame,Fincher,dfincherf3@homestead.com,Non-binary,70.52.131.246
545,Karlik,Simoncello,ksimoncellof4@xing.com,Genderqueer,121.239.116.147
546,Edgardo,Reddihough,ereddihoughf5@microsoft.com,Female,85.238.175.185
547,Alisa,Pollie,apollief6@usa.gov,Male,175.44.9.0
548,Keriann,D'Antoni,kdantonif7@eepurl.com,Genderfluid,51.197.19.238
549,Concettina,Fairfoull,cfairfoullf8@pen.io,Non-binary,107.110.135.23
550,Carie,Farloe,cfarloef9@blogger.com,Genderqueer,101.222.170.124
551,Shellie,Thorpe,sthorpefa@arstechnica.com,Bigender,176.117.226.146
552,Curtis,Dew,cdewfb@networksolutions.com,Male,33.148.164.30
553,Mikol,Liebermann,mliebermannfc@newyorker.com,Non-binary,9.149.249.247
554,Anallese,Savage,asavagefd@linkedin.com,Agender,252.146.50.76
555,Mick,Dollman,mdollmanfe@wikia.com,Male,216.210.176.19
556,Warden,Minghi,wminghiff@123-reg.co.uk,Non-binary,201.159.246.114
557,Trey,Bartaletti,tbartalettifg@domainmarket.com,Genderfluid,251.89.72.189
558,Carry,Dobbson,cdobbsonfh@sogou.com,Bigender,24.34.245.120
559,Reta,Fox,rfoxfi@java.com,Bigender,57.129.6.212
560,Sonnnie,Rounsefull,srounsefullfj@umich.edu,Polygender,32.95.129.167
561,Thatch,Merchant,tmerchantfk@bizjournals.com,Non-binary,56.34.255.229
562,Linnea,Kilgannon,lkilgannonfl@amazon.com,Bigender,107.163.140.142
563,Claybourne,Riall,criallfm@kickstarter.com,Polygender,147.94.136.42
564,Gillian,Vaux,gvauxfn@xing.com,Female,213.248.98.166
565,Lanie,Cominotti,lcominottifo@epa.gov,Agender,22.160.63.246
566,Gipsy,Dornan,gdornanfp@smh.com.au,Female,56.87.76.173
567,Blisse,Glennie,bglenniefq@blog.com,Female,251.59.101.60
568,Lyman,Witherden,lwitherdenfr@pinterest.com,Polygender,114.214.159.252
569,Llewellyn,Huton,lhutonfs@slate.com,Female,194.114.166.124
570,Regine,Toomey,rtoomeyft@wikipedia.org,Agender,3.206.92.10
571,Harriot,Bernardino,hbernardinofu@myspace.com,Genderqueer,139.165.167.89
572,Charlton,Castagne,ccastagnefv@independent.co.uk,Bigender,236.218.121.82
573,Shem,Welden,sweldenfw@ocn.ne.jp,Male,186.13.202.92
574,Wakefield,Cristofaro,wcristofarofx@a8.net,Female,202.217.209.11
575,Baxter,Cluley,bcluleyfy@weather.com,Non-binary,133.40.112.113
576,Perkin,Aldersey,palderseyfz@npr.org,Genderfluid,126.4.95.57
577,Cirilo,Brede,cbredeg0@list-manage.com,Non-binary,24.29.82.118
578,Townie,Greenwell,tgreenwellg1@list-manage.com,Genderqueer,68.105.5.125
579,Kristan,Wanklyn,kwanklyng2@slashdot.org,Bigender,246.50.112.4
580,Gris,Huxton,ghuxtong3@addthis.com,Female,221.169.95.164
581,Gerry,Evitts,gevittsg4@homestead.com,Polygender,83.230.250.189
582,Prince,Bilbrook,pbilbrookg5@dailymotion.com,Polygender,168.13.192.190
583,Nahum,Dineges,ndinegesg6@cafepress.com,Genderfluid,59.147.193.178
584,Gretel,Fishpond,gfishpondg7@meetup.com,Female,188.99.117.102
585,Kerr,Raubenheimers,kraubenheimersg8@php.net,Male,109.41.146.215
586,Mathilde,Sholem,msholemg9@mozilla.org,Female,255.10.226.148
587,Durand,Vautier,dvautierga@is.gd,Polygender,55.22.210.141
588,Olin,Kearns,okearnsgb@uol.com.br,Genderfluid,197.53.134.111
589,Rosemaria,Antowski,rantowskigc@adobe.com,Bigender,79.51.222.10
590,Jenn,Orriss,jorrissgd@yellowpages.com,Genderfluid,56.95.227.8
591,Glyn,Burchall,gburchallge@infoseek.co.jp,Male,99.17.123.197
592,Obie,Hamblin,ohamblingf@jiathis.com,Female,114.176.19.247
593,Rey,Deesly,rdeeslygg@paypal.com,Bigender,206.192.157.130
594,Marya,Garth,mgarthgh@engadget.com,Agender,201.4.181.39
595,Trueman,Clausius,tclausiusgi@posterous.com,Male,38.249.217.0
596,Renaud,Walrond,rwalrondgj@shutterfly.com,Bigender,128.115.60.148
597,Zia,Eseler,zeselergk@theglobeandmail.com,Female,169.174.100.198
598,Caldwell,Micheau,cmicheaugl@washingtonpost.com,Bigender,196.95.26.155
599,Merry,Churchlow,mchurchlowgm@gov.uk,Agender,125.168.186.149
600,Lorenza,Feek,lfeekgn@netscape.com,Polygender,65.21.20.188
601,Willie,Jacox,wjacoxgo@cpanel.net,Genderqueer,128.179.146.48
602,Jobyna,Philipot,jphilipotgp@yellowbook.com,Polygender,123.3.100.185
603,Isidora,Chasen,ichasengq@elpais.com,Male,33.68.194.16
604,Rem,O'Lagene,rolagenegr@cisco.com,Male,226.83.144.164
605,Ruperto,Bourthouloume,rbourthouloumegs@feedburner.com,Polygender,254.52.190.151
606,Penrod,Siveter,psivetergt@vistaprint.com,Male,39.150.71.237
607,Bartholomeo,Billyard,bbillyardgu@creativecommons.org,Genderqueer,186.51.198.90
608,Denver,Klassman,dklassmangv@washingtonpost.com,Bigender,172.102.182.188
609,Tallulah,Montilla,tmontillagw@irs.gov,Non-binary,93.182.97.144
610,Marena,Hacquoil,mhacquoilgx@google.ru,Non-binary,156.40.113.85
611,Christos,Eefting,ceeftinggy@jigsy.com,Agender,184.183.102.158
612,Hurley,Gambie,hgambiegz@cisco.com,Male,177.163.36.57
613,Hurlee,Carbert,hcarberth0@surveymonkey.com,Bigender,84.83.70.204
614,Andras,Nuschke,anuschkeh1@ustream.tv,Agender,133.148.142.254
615,Marena,Kinnin,mkinninh2@friendfeed.com,Agender,181.116.255.75
616,Brennan,Blencowe,bblencoweh3@about.me,Polygender,192.66.85.190
617,Lynn,King,lkingh4@auda.org.au,Male,208.219.30.82
618,Bette,Morter,bmorterh5@jimdo.com,Genderqueer,70.179.197.231
619,Jacqueline,Nixon,jnixonh6@disqus.com,Female,236.185.77.200
620,Beltran,Teresia,bteresiah7@ovh.net,Polygender,74.111.12.97
621,Allan,Whiten,awhitenh8@rediff.com,Bigender,214.46.175.237
622,Earlie,Mayger,emaygerh9@yellowbook.com,Genderfluid,75.240.43.230
623,Astrid,Blincow,ablincowha@addthis.com,Genderfluid,3.217.50.54
624,Natalina,Swatradge,nswatradgehb@i2i.jp,Female,115.7.162.99
625,Kirby,Fillgate,kfillgatehc@google.de,Agender,245.75.246.137
626,Deerdre,Blandamore,dblandamorehd@latimes.com,Bigender,92.208.48.242
627,Malorie,Woodger,mwoodgerhe@hugedomains.com,Genderfluid,240.29.23.140
628,Linda,MacNair,lmacnairhf@seesaa.net,Genderqueer,224.28.108.77
629,Gabbie,Keir,gkeirhg@themeforest.net,Bigender,128.250.157.4
630,Roze,Ivan,rivanhh@booking.com,Genderfluid,18.126.255.111
631,Stanwood,Paszek,spaszekhi@rakuten.co.jp,Non-binary,207.214.128.70
632,Osmund,Stibbs,ostibbshj@simplemachines.org,Genderqueer,125.183.187.139
633,Norby,Dunsford,ndunsfordhk@cyberchimps.com,Non-binary,81.51.27.191
634,Maud,Kytter,mkytterhl@chronoengine.com,Genderfluid,11.182.9.148
635,Sarette,Treace,streacehm@globo.com,Agender,11.185.51.63
636,Arleta,Jestico,ajesticohn@foxnews.com,Agender,207.234.212.169
637,Leeann,Ewington,lewingtonho@cargocollective.com,Genderqueer,116.114.79.244
638,Sasha,McGraffin,smcgraffinhp@surveymonkey.com,Non-binary,196.124.178.49
639,Dilan,Braunlein,dbraunleinhq@amazonaws.com,Female,249.165.182.129
640,Vikky,Quennell,vquennellhr@ameblo.jp,Agender,116.166.163.4
641,Granger,Cawthorn,gcawthornhs@adobe.com,Bigender,97.89.166.215
642,Randy,Hembrow,rhembrowht@google.fr,Female,127.227.133.163
643,Lorrayne,Harragin,lharraginhu@nydailynews.com,Female,198.156.159.138
644,Garwood,Robertsson,grobertssonhv@yahoo.com,Agender,146.6.129.6
645,Vanda,Lambersen,vlambersenhw@rediff.com,Non-binary,6.205.254.39
646,Brent,Orable,borablehx@themeforest.net,Non-binary,236.69.41.211
647,Lizzie,Bottlestone,lbottlestonehy@addthis.com,Genderfluid,103.81.5.213
648,Tracy,Kos,tkoshz@gravatar.com,Genderqueer,92.50.89.216
649,Florentia,Birt,fbirti0@china.com.cn,Polygender,247.133.80.6
650,Lianne,Grinyer,lgrinyeri1@accuweather.com,Bigender,237.20.153.252
651,Meggy,Whicher,mwhicheri2@mediafire.com,Non-binary,255.159.221.27
652,Emilio,Probey,eprobeyi3@youku.com,Polygender,194.172.109.230
653,Carolan,Sommersett,csommersetti4@marketwatch.com,Non-binary,70.56.0.68
654,Betty,Ingilson,bingilsoni5@hugedomains.com,Genderqueer,220.25.168.179
655,Mickie,Paulisch,mpaulischi6@hexun.com,Male,30.63.248.157
656,Carlo,Humbey,chumbeyi7@biblegateway.com,Agender,109.138.5.62
657,Sissy,Lapthorn,slapthorni8@jiathis.com,Genderfluid,37.48.217.44
658,Bradan,Alennikov,balennikovi9@harvard.edu,Agender,11.131.21.190
659,Gloriana,Buyers,gbuyersia@mapquest.com,Male,255.159.151.93
660,Art,Talboy,atalboyib@unc.edu,Non-binary,79.12.232.186
661,Conant,Chestnutt,cchestnuttic@ucoz.ru,Non-binary,185.204.213.18
662,Clovis,Trobey,ctrobeyid@vk.com,Genderfluid,100.89.58.113
663,Hyacinth,Denacamp,hdenacampie@prlog.org,Genderfluid,160.227.11.215
664,Yehudit,Colquitt,ycolquittif@hao123.com,Female,61.146.61.23
665,Jeffy,Dawidowicz,jdawidowiczig@phoca.cz,Genderqueer,147.119.18.187
666,Hogan,Adamsson,hadamssonih@mashable.com,Female,81.4.252.215
667,Laetitia,Ridger,lridgerii@nature.com,Genderqueer,57.191.68.140
668,Lesya,Brusby,lbrusbyij@ox.ac.uk,Female,133.141.65.237
669,Siusan,Bidnall,sbidnallik@clickbank.net,Non-binary,181.12.139.31
670,Farr,Annetts,fannettsil@cyberchimps.com,Agender,254.132.20.157
671,Abigail,Hallock,ahallockim@netscape.com,Polygender,185.18.112.193
672,Jennie,Smeuin,jsmeuinin@samsung.com,Genderqueer,32.245.56.244
673,Blythe,Daish,bdaishio@apple.com,Agender,144.98.246.122
674,Francyne,Rosberg,frosbergip@elpais.com,Male,73.190.93.120
675,Carmine,Lucey,cluceyiq@cargocollective.com,Genderqueer,142.186.22.51
676,Benedikt,Skillington,bskillingtonir@jigsy.com,Agender,63.32.2.164
677,Lynnea,Buttrick,lbuttrickis@dmoz.org,Polygender,138.74.88.140
678,Adelina,Ashby,aashbyit@drupal.org,Genderfluid,242.100.219.238
679,Darin,Ianno,diannoiu@senate.gov,Non-binary,129.99.4.248
680,Ola,Pidgley,opidgleyiv@blogspot.com,Genderfluid,64.10.200.255
681,Alex,Mongin,amonginiw@cnbc.com,Agender,148.86.151.153
682,Ardella,Rowberry,arowberryix@pcworld.com,Polygender,23.90.225.253
683,Farrah,Affleck,faffleckiy@devhub.com,Female,146.122.248.232
684,Fay,Castellet,fcastelletiz@prlog.org,Female,171.69.29.73
685,Bunni,Glasscoe,bglasscoej0@cam.ac.uk,Bigender,214.245.178.151
686,Allen,Zemler,azemlerj1@jimdo.com,Male,116.140.250.137
687,Murial,Fosbraey,mfosbraeyj2@deviantart.com,Male,161.120.178.190
688,Revkah,Leeburn,rleeburnj3@dmoz.org,Female,242.44.9.83
689,Delainey,Pardoe,dpardoej4@cnet.com,Female,53.69.180.16
690,Julee,McAsgill,jmcasgillj5@reverbnation.com,Male,161.226.68.22
691,Kingsly,Torvey,ktorveyj6@ibm.com,Polygender,213.121.73.193
692,Effie,Blewmen,eblewmenj7@youtube.com,Bigender,244.206.60.183
693,Mile,Pohling,mpohlingj8@nbcnews.com,Agender,38.204.9.8
694,Tallie,Phinnessy,tphinnessyj9@wix.com,Male,2.162.127.116
695,Gunar,Mordecai,gmordecaija@bing.com,Agender,39.237.143.54
696,Rudd,Pesak,rpesakjb@smh.com.au,Genderfluid,118.230.232.114
697,Gibby,Bleibaum,gbleibaumjc@instagram.com,Genderqueer,126.212.64.251
698,Addie,Trenchard,atrenchardjd@about.me,Polygender,116.37.12.104
699,Tierney,Vasilyonok,tvasilyonokje@ning.com,Bigender,238.9.21.9
700,Lucila,Sawer,lsawerjf@live.com,Agender,97.17.59.189
701,Charmaine,Kervin,ckervinjg@google.co.uk,Non-binary,6.233.99.18
702,Adham,Younghusband,ayounghusbandjh@va.gov,Non-binary,86.30.115.152
703,Ronni,Whimp,rwhimpji@ycombinator.com,Genderfluid,185.116.65.38
704,Dominique,Creighton,dcreightonjj@live.com,Genderqueer,181.113.132.246
705,Jeff,Kapiloff,jkapiloffjk@squarespace.com,Polygender,33.180.228.27
706,Sissie,Waistall,swaistalljl@cpanel.net,Bigender,223.95.247.211
707,Stevana,Donaghie,sdonaghiejm@canalblog.com,Genderfluid,175.237.96.38
708,Opaline,Cornill,ocornilljn@arstechnica.com,Female,136.43.54.208
709,Retha,Mcsarry,rmcsarryjo@netvibes.com,Non-binary,53.124.151.182
710,Sax,Wardale,swardalejp@phpbb.com,Genderfluid,40.58.54.80
711,Brose,Linklater,blinklaterjq@sciencedirect.com,Genderfluid,145.130.13.165
712,Gale,Dulwich,gdulwichjr@dmoz.org,Bigender,168.152.245.169
713,Kevon,Ahern,kahernjs@stumbleupon.com,Genderfluid,100.104.104.74
714,Theresa,Bleackly,tbleacklyjt@t.co,Genderqueer,2.38.17.121
715,Sid,Tsarovic,stsarovicju@redcross.org,Non-binary,202.65.48.83
716,Cleo,Pape,cpapejv@zdnet.com,Female,192.181.106.27
717,Willetta,Vogt,wvogtjw@illinois.edu,Genderfluid,246.187.164.167
718,Briant,Seydlitz,bseydlitzjx@answers.com,Bigender,80.245.178.168
719,Loralee,Heiss,lheissjy@go.com,Male,234.99.245.29
720,Willabella,Trueman,wtruemanjz@ed.gov,Polygender,17.199.83.218
721,Teena,Filippello,tfilippellok0@plala.or.jp,Agender,223.219.10.119
722,Cora,Cormack,ccormackk1@domainmarket.com,Genderqueer,210.104.176.254
723,Magdalene,Sheer,msheerk2@scientificamerican.com,Male,196.22.221.2
724,Tricia,Pautard,tpautardk3@omniture.com,Male,242.138.47.223
725,Jerald,Boddam,jboddamk4@google.com.au,Male,70.223.252.155
726,Otis,Dekeyser,odekeyserk5@google.co.uk,Non-binary,3.37.35.56
727,Kalil,Rowth,krowthk6@engadget.com,Polygender,157.206.178.235
728,Lazar,Withams,lwithamsk7@wordpress.org,Polygender,86.16.100.12
729,Jordana,Sleath,jsleathk8@ask.com,Genderfluid,26.125.61.89
730,Emilee,Tofanelli,etofanellik9@ow.ly,Genderfluid,198.125.113.40
731,Christye,Borsay,cborsayka@hibu.com,Male,191.110.165.29
732,Alyse,McIlmurray,amcilmurraykb@columbia.edu,Agender,140.5.171.188
733,Sherri,O'Loughlin,soloughlinkc@xinhuanet.com,Female,171.165.151.8
734,Randolf,McEvilly,rmcevillykd@storify.com,Genderqueer,119.110.71.191
735,Stacy,Hamson,shamsonke@wikipedia.org,Non-binary,151.238.81.166
736,Onfroi,Farleigh,ofarleighkf@nationalgeographic.com,Genderqueer,181.90.96.29
737,Dom,Fulbrook,dfulbrookkg@craigslist.org,Genderfluid,110.37.100.220
738,Giuseppe,Scarsbrick,gscarsbrickkh@webs.com,Genderqueer,207.228.110.246
739,Lilah,Uebel,luebelki@goo.ne.jp,Female,247.254.141.219
740,Lisetta,Searjeant,lsearjeantkj@prnewswire.com,Genderqueer,152.10.68.79
741,Jameson,Ballefant,jballefantkk@angelfire.com,Female,189.106.233.167
742,Carlie,Brunelli,cbrunellikl@msu.edu,Male,181.187.72.78
743,Sasha,Skurm,sskurmkm@nymag.com,Genderfluid,250.210.37.6
744,Riccardo,MacCarter,rmaccarterkn@dailymotion.com,Genderfluid,11.211.102.224
745,Amie,Bunclark,abunclarkko@hud.gov,Polygender,2.5.96.21
746,Berni,Cod,bcodkp@stanford.edu,Genderqueer,99.39.78.143
747,Toby,Hardan,thardankq@wikipedia.org,Genderfluid,58.193.125.218
748,Gaby,Mityashin,gmityashinkr@constantcontact.com,Bigender,97.6.6.10
749,Magdaia,Roskrug,mroskrugks@spotify.com,Bigender,80.134.159.92
750,Redd,McKernan,rmckernankt@webnode.com,Male,18.15.191.201
751,Lotte,Bickerstasse,lbickerstasseku@last.fm,Female,158.14.200.177
752,Suzann,Pherps,spherpskv@dropbox.com,Agender,164.78.222.9
753,Rona,Cattrall,rcattrallkw@acquirethisname.com,Male,235.25.245.136
754,Luciano,Zealey,lzealeykx@google.nl,Female,254.155.127.17
755,Skell,Queenborough,squeenboroughky@howstuffworks.com,Male,236.190.59.205
756,Andres,Dunaway,adunawaykz@tinyurl.com,Bigender,151.236.42.216
757,Ashlee,Mordan,amordanl0@istockphoto.com,Agender,35.189.222.128
758,Sergeant,Ortmann,sortmannl1@abc.net.au,Non-binary,4.200.132.170
759,Pace,Upham,puphaml2@gnu.org,Bigender,93.10.89.170
760,Lenore,Ellams,lellamsl3@360.cn,Non-binary,89.173.157.90
761,Claude,Wade,cwadel4@github.io,Female,221.171.146.74
762,Antin,Brightwell,abrightwelll5@google.nl,Female,224.114.163.91
763,Pattie,Shiliton,pshilitonl6@nationalgeographic.com,Genderqueer,52.195.225.87
764,Amabelle,Toffoletto,atoffolettol7@cyberchimps.com,Non-binary,101.14.112.217
765,Tamas,Whitsey,twhitseyl8@spiegel.de,Male,172.207.3.124
766,Gav,Normavill,gnormavilll9@dailymail.co.uk,Genderqueer,98.201.117.177
767,Pebrook,Angear,pangearla@tmall.com,Male,40.58.38.30
768,Jock,Birdis,jbirdislb@youtube.com,Agender,78.121.15.135
769,Joann,Deavin,jdeavinlc@forbes.com,Genderfluid,220.43.51.153
770,Nathalia,Harbour,nharbourld@discovery.com,Genderfluid,29.213.43.91
771,Georgette,Buxsey,gbuxseyle@harvard.edu,Female,59.91.35.227
772,Sauveur,Rolls,srollslf@blogs.com,Polygender,78.254.168.98
773,Denyse,Hiner,dhinerlg@comcast.net,Female,164.83.123.70
774,Karie,Cominetti,kcominettilh@hatena.ne.jp,Genderfluid,82.98.244.252
775,Everard,Batterbee,ebatterbeeli@w3.org,Female,196.139.33.31
776,Giorgio,Pover,gpoverlj@photobucket.com,Bigender,18.112.161.255
777,Kristel,Henker,khenkerlk@patch.com,Polygender,226.107.39.149
778,Romeo,Ratcliff,rratcliffll@miitbeian.gov.cn,Genderqueer,78.43.246.174
779,Carita,Lowy,clowylm@cbsnews.com,Genderqueer,227.238.209.154
780,Casar,Rubke,crubkeln@simplemachines.org,Bigender,5.177.118.42
781,Martin,Normanton,mnormantonlo@mozilla.org,Genderfluid,161.106.36.201
782,Hersh,Batrim,hbatrimlp@twitter.com,Polygender,73.122.202.220
783,Kennie,Thomke,kthomkelq@fastcompany.com,Agender,211.133.156.149
784,Allegra,Shord,ashordlr@ebay.co.uk,Genderqueer,16.147.82.199
785,Hanson,Lackeye,hlackeyels@buzzfeed.com,Polygender,169.171.51.95
786,Ive,Flute,iflutelt@mayoclinic.com,Male,145.226.240.153
787,Harley,Stadding,hstaddinglu@google.com.au,Genderfluid,91.69.223.175
788,Benedetta,Gouldthorp,bgouldthorplv@unc.edu,Bigender,118.73.147.33
789,Morris,Feedome,mfeedomelw@scribd.com,Agender,149.0.143.57
790,Dani,Bendare,dbendarelx@biblegateway.com,Agender,212.124.35.221
791,Gino,Rundle,grundlely@example.com,Agender,0.205.171.94
792,Marylynne,Colbran,mcolbranlz@youtube.com,Agender,118.15.178.35
793,Maude,Hansod,mhansodm0@ebay.com,Polygender,144.203.34.23
794,Avivah,Spur,aspurm1@over-blog.com,Bigender,43.88.235.184
795,Rick,Stannus,rstannusm2@prnewswire.com,Non-binary,51.79.1.221
796,Mathilde,Ripper,mripperm3@constantcontact.com,Genderqueer,246.180.135.79
797,Rebekkah,Dobeson,rdobesonm4@quantcast.com,Polygender,9.96.62.158
798,Caritta,Chaimson,cchaimsonm5@tinyurl.com,Genderfluid,127.239.87.177
799,Mitchell,Bier,mbierm6@aol.com,Agender,79.28.144.100
800,Giraud,Fairy,gfairym7@sciencedaily.com,Genderqueer,222.101.102.205
801,Sylas,Garret,sgarretm8@microsoft.com,Agender,48.185.40.83
802,Violet,Shand,vshandm9@nifty.com,Male,232.91.248.43
803,Alley,Aldred,aaldredma@sphinn.com,Male,114.183.138.44
804,Mindy,Paoletti,mpaolettimb@mac.com,Polygender,240.64.100.124
805,Adolphe,Malzard,amalzardmc@histats.com,Female,68.110.102.233
806,Svend,MacWilliam,smacwilliammd@google.fr,Polygender,34.177.210.229
807,Maximo,Haack,mhaackme@msu.edu,Male,139.79.5.252
808,Maxie,Aldrin,maldrinmf@wikimedia.org,Agender,188.67.164.213
809,Avictor,Farra,afarramg@cnet.com,Bigender,236.100.110.180
810,Holden,Wilfling,hwilflingmh@lycos.com,Agender,167.84.246.178
811,Mirabel,Keemer,mkeemermi@facebook.com,Non-binary,41.88.178.163
812,Yancy,Reye,yreyemj@cdc.gov,Non-binary,222.171.195.66
813,Shayne,Lenham,slenhammk@wikipedia.org,Agender,78.157.161.96
814,Cassie,O'Mailey,comaileyml@mediafire.com,Bigender,211.87.235.66
815,Sergeant,Bust,sbustmm@accuweather.com,Genderfluid,66.165.89.137
816,Tory,Parmenter,tparmentermn@nyu.edu,Bigender,130.244.173.8
817,Jo,Whatling,jwhatlingmo@nih.gov,Bigender,114.120.216.117
818,Kristo,Blackburne,kblackburnemp@prlog.org,Genderfluid,41.208.23.168
819,Kirsteni,Caines,kcainesmq@yahoo.com,Male,252.157.239.152
820,Amerigo,Shinfield,ashinfieldmr@smh.com.au,Polygender,213.218.173.42
821,Collie,Denyer,cdenyerms@bizjournals.com,Bigender,249.240.254.123
822,Louise,Eakly,leaklymt@google.ca,Bigender,215.53.238.150
823,Lelah,David,ldavidmu@fastcompany.com,Agender,113.167.113.88
824,Maxim,Oselton,moseltonmv@ucoz.com,Bigender,97.249.6.58
825,Nicolle,Fudger,nfudgermw@adobe.com,Genderfluid,132.55.10.95
826,Leonerd,Housley,lhousleymx@cnet.com,Agender,76.151.144.89
827,Giffer,Chatters,gchattersmy@noaa.gov,Genderfluid,74.133.91.167
828,Lauralee,Sleeny,lsleenymz@vk.com,Agender,22.170.64.248
829,Gianna,Petrollo,gpetrollon0@wikipedia.org,Genderqueer,128.23.116.160
830,Jeth,Janzen,jjanzenn1@51.la,Bigender,109.241.98.153
831,Regan,Zecchetti,rzecchettin2@etsy.com,Genderfluid,137.147.134.70
832,Tawsha,Cullinan,tcullinann3@xinhuanet.com,Polygender,100.191.252.196
833,Slade,Casterton,scastertonn4@reverbnation.com,Male,92.254.154.62
834,Dallon,Druce,ddrucen5@bing.com,Non-binary,252.154.129.166
835,Gerrard,Savins,gsavinsn6@icio.us,Genderfluid,81.198.227.161
836,Karrie,Hullins,khullinsn7@foxnews.com,Non-binary,169.182.216.13
837,Maren,Blackaller,mblackallern8@elegantthemes.com,Agender,129.253.247.45
838,Gilberte,Brower,gbrowern9@zdnet.com,Bigender,26.225.168.131
839,Alden,Cattlow,acattlowna@tiny.cc,Male,95.228.231.152
840,Vail,Rabidge,vrabidgenb@mail.ru,Female,252.193.238.155
841,Dewain,Hagart,dhagartnc@twitpic.com,Bigender,29.134.126.157
842,Melitta,Forson,mforsonnd@jimdo.com,Male,112.244.33.102
843,Francoise,Garthland,fgarthlandne@pcworld.com,Polygender,203.107.94.52
844,Dacie,Tumbridge,dtumbridgenf@timesonline.co.uk,Polygender,151.3.178.61
845,Winston,Van Rembrandt,wvanrembrandtng@wufoo.com,Genderqueer,15.197.113.109
846,Karlens,Nutter,knutternh@symantec.com,Female,208.234.225.206
847,Iona,Barnard,ibarnardni@tuttocitta.it,Bigender,65.208.129.123
848,Dody,Worster,dworsternj@examiner.com,Bigender,182.47.169.195
849,Marve,Tourry,mtourrynk@about.me,Female,68.220.13.199
850,Bernadene,Gannicott,bgannicottnl@google.fr,Agender,8.46.33.107
851,Hetti,Trusty,htrustynm@cdbaby.com,Female,48.4.60.29
852,Faber,Tretwell,ftretwellnn@bloglines.com,Bigender,112.252.18.101
853,Aviva,Copcote,acopcoteno@newyorker.com,Polygender,207.245.236.180
854,Giana,Battie,gbattienp@sina.com.cn,Genderfluid,29.5.203.185
855,Livvyy,Manketell,lmanketellnq@hibu.com,Agender,74.230.192.202
856,Stanley,Asquith,sasquithnr@uiuc.edu,Genderfluid,149.69.118.26
857,Raymund,Wark,rwarkns@irs.gov,Non-binary,152.128.6.53
858,Kesley,Hilling,khillingnt@auda.org.au,Genderfluid,238.234.248.181
859,Freddie,Baldwin,fbaldwinnu@devhub.com,Non-binary,236.121.9.30
860,Israel,Endacott,iendacottnv@twitter.com,Bigender,173.77.247.177
861,Aldus,Holtum,aholtumnw@sogou.com,Agender,55.153.232.124
862,Lindy,Meanwell,lmeanwellnx@berkeley.edu,Agender,173.204.74.135
863,Hercules,O'Nowlan,honowlanny@furl.net,Female,2.200.62.67
864,Rea,Mulligan,rmulligannz@princeton.edu,Genderfluid,77.121.205.76
865,Kelcy,Claw,kclawo0@weather.com,Non-binary,214.88.95.87
866,Normie,Parren,nparreno1@sina.com.cn,Bigender,93.172.18.200
867,Manny,Hosier,mhosiero2@macromedia.com,Bigender,218.80.74.253
868,Lauree,Capineer,lcapineero3@dmoz.org,Genderqueer,53.156.249.120
869,Gerda,Cogzell,gcogzello4@cam.ac.uk,Genderfluid,8.135.150.143
870,Orson,Stribling,ostriblingo5@marketwatch.com,Male,119.7.34.231
871,Esta,Bercher,eberchero6@timesonline.co.uk,Agender,201.6.24.94
872,Ciro,Yesichev,cyesichevo7@merriam-webster.com,Bigender,16.103.115.58
873,Leoine,Burrus,lburruso8@mit.edu,Polygender,119.235.54.190
874,Bernarr,Hannah,bhannaho9@sciencedirect.com,Male,126.229.115.95
875,Othilia,Tocqueville,otocquevilleoa@alexa.com,Agender,114.181.64.48
876,Teri,Smithen,tsmithenob@alexa.com,Male,173.222.70.167
877,Corby,Sibthorpe,csibthorpeoc@ifeng.com,Non-binary,2.187.0.164
878,Reinhard,Tirrell,rtirrellod@va.gov,Male,79.180.4.199
879,Lilly,Lindenberg,llindenbergoe@google.it,Genderqueer,78.23.85.25
880,Nertie,MacEnelly,nmacenellyof@google.pl,Bigender,65.84.219.67
881,Urson,Bulley,ubulleyog@gov.uk,Male,27.217.87.69
882,Tildi,Sulter,tsulteroh@engadget.com,Male,135.109.0.191
883,Lita,oldey,loldeyoi@toplist.cz,Male,226.254.172.144
884,Peggy,Ezzell,pezzelloj@engadget.com,Agender,5.126.211.133
885,Rowena,Durden,rdurdenok@washingtonpost.com,Female,199.204.236.114
886,Kitti,Chellam,kchellamol@nsw.gov.au,Bigender,200.158.227.211
887,Errol,Abrahami,eabrahamiom@sogou.com,Agender,126.130.24.30
888,Stanislaw,Cristofol,scristofolon@wikimedia.org,Female,62.92.125.112
889,Ebonee,Shepeard,eshepeardoo@clickbank.net,Male,96.67.73.107
890,Erv,Antoniottii,eantoniottiiop@tripadvisor.com,Agender,254.47.149.45
891,Rodge,Heaffey,rheaffeyoq@symantec.com,Genderfluid,14.187.111.9
892,Holly,Scruby,hscrubyor@printfriendly.com,Polygender,229.185.187.183
893,Lamont,Gladtbach,lgladtbachos@deviantart.com,Bigender,171.3.194.18
894,Mel,Waliszek,mwaliszekot@epa.gov,Bigender,103.243.155.135
895,Aggie,Valenta,avalentaou@marriott.com,Polygender,191.227.25.31
896,Ivar,Ivakhnov,iivakhnovov@opensource.org,Agender,181.196.167.78
897,Sloan,Hannent,shannentow@tuttocitta.it,Genderqueer,233.20.94.118
898,Reed,Possek,rpossekox@cocolog-nifty.com,Agender,217.45.117.68
899,Sella,Jacobowitz,sjacobowitzoy@ycombinator.com,Non-binary,174.35.141.5
900,Monti,Capehorn,mcapehornoz@google.fr,Polygender,198.8.70.175
901,Vidovik,Terzza,vterzzap0@mtv.com,Polygender,101.38.66.102
902,Kinna,Girdwood,kgirdwoodp1@cdbaby.com,Polygender,42.51.111.49
903,Nerte,Strelitzki,nstrelitzkip2@google.co.jp,Non-binary,152.1.88.213
904,Reynold,Suttling,rsuttlingp3@noaa.gov,Bigender,63.112.73.230
905,Charo,Eaton,ceatonp4@moonfruit.com,Male,52.131.186.73
906,Aldric,Boother,abootherp5@economist.com,Agender,160.122.209.244
907,Erinn,Campbell,ecampbellp6@blinklist.com,Genderfluid,33.139.11.179
908,Benyamin,Veschambre,bveschambrep7@wikia.com,Male,62.40.70.30
909,Jena,Tranckle,jtrancklep8@comsenz.com,Polygender,24.68.121.36
910,Hillary,McSorley,hmcsorleyp9@ucla.edu,Agender,122.63.140.106
911,Elva,Hutcheon,ehutcheonpa@webnode.com,Male,203.124.54.155
912,Abdul,Drakeley,adrakeleypb@slashdot.org,Genderfluid,240.117.245.202
913,Alphonse,Witherdon,awitherdonpc@ning.com,Male,205.126.36.101
914,Si,Delgua,sdelguapd@storify.com,Female,136.116.212.192
915,Chancey,Kabos,ckabospe@google.co.uk,Non-binary,77.131.100.197
916,Mose,Breache,mbreachepf@un.org,Agender,189.156.42.247
917,Twila,Bentham,tbenthampg@ebay.com,Genderfluid,242.255.192.168
918,Inge,Melburg,imelburgph@goo.ne.jp,Genderfluid,200.202.206.96
919,Drucy,Comolli,dcomollipi@va.gov,Male,125.116.56.175
920,Garth,Foyster,gfoysterpj@irs.gov,Polygender,14.79.138.204
921,Shandra,Ernshaw,sernshawpk@wp.com,Agender,144.193.136.132
922,Aurlie,Smurthwaite,asmurthwaitepl@kickstarter.com,Genderqueer,31.169.9.47
923,Wallace,Deakin,wdeakinpm@printfriendly.com,Genderfluid,155.92.107.62
924,Joni,Ellwand,jellwandpn@reuters.com,Bigender,100.199.190.217
925,Eve,Lardiner,elardinerpo@canalblog.com,Agender,78.62.155.156
926,Ashlin,Ronca,aroncapp@simplemachines.org,Non-binary,190.42.240.49
927,Colet,Sermin,cserminpq@cyberchimps.com,Non-binary,40.171.41.208
928,Wendy,Martygin,wmartyginpr@amazon.co.uk,Agender,68.107.91.101
929,Sonja,Hartus,shartusps@fotki.com,Female,192.27.73.88
930,Nester,Bumby,nbumbypt@altervista.org,Agender,189.193.49.170
931,Zachariah,Potell,zpotellpu@studiopress.com,Bigender,248.175.159.249
932,Itch,Custance,icustancepv@bing.com,Non-binary,245.166.102.14
933,Yard,Shailer,yshailerpw@toplist.cz,Genderqueer,210.1.220.229
934,Feliks,Avrasin,favrasinpx@diigo.com,Genderfluid,61.111.157.149
935,Myrtia,Gumme,mgummepy@dot.gov,Female,127.128.215.134
936,Gasparo,Raikes,graikespz@archive.org,Polygender,84.39.111.170
937,Isabella,Grey,igreyq0@irs.gov,Agender,128.154.93.94
938,Latisha,Ravilious,lraviliousq1@xing.com,Agender,45.234.19.89
939,Melosa,Schoolcroft,mschoolcroftq2@feedburner.com,Genderfluid,126.224.241.184
940,Mikel,Gredden,mgreddenq3@gizmodo.com,Genderfluid,10.120.71.42
941,Kelli,Feveryear,kfeveryearq4@ihg.com,Polygender,78.234.95.98
942,Pier,Harkess,pharkessq5@discovery.com,Non-binary,98.16.8.85
943,Isak,Filkov,ifilkovq6@jigsy.com,Bigender,38.180.58.138
944,Filippo,Haburne,fhaburneq7@wix.com,Non-binary,103.54.156.239
945,Sigismond,Biagioni,sbiagioniq8@earthlink.net,Bigender,86.196.85.231
946,Nikolas,Horning,nhorningq9@sfgate.com,Bigender,130.31.79.254
947,Janella,Truder,jtruderqa@howstuffworks.com,Male,233.243.18.237
948,Anna-diane,Antonsen,aantonsenqb@ehow.com,Genderqueer,229.237.96.175
949,Francesca,Halbard,fhalbardqc@answers.com,Female,18.226.84.212
950,Alain,Jellico,ajellicoqd@vinaora.com,Male,82.9.240.1
951,Kristyn,Bere,kbereqe@blinklist.com,Polygender,142.228.116.51
952,Karmen,Hurdwell,khurdwellqf@hao123.com,Bigender,69.71.71.85
953,Liane,Dyers,ldyersqg@phpbb.com,Agender,5.231.68.28
954,Rebekkah,Chelnam,rchelnamqh@nps.gov,Polygender,205.167.80.205
955,Jarrid,Takis,jtakisqi@home.pl,Agender,189.27.66.56
956,Domenico,Tuckett,dtuckettqj@cocolog-nifty.com,Polygender,232.11.118.181
957,Wallis,Jenken,wjenkenqk@topsy.com,Genderqueer,201.104.167.5
958,Karly,Skryne,kskryneql@tamu.edu,Genderfluid,167.239.28.27
959,Courtenay,Gilpillan,cgilpillanqm@cnet.com,Genderqueer,28.128.244.48
960,Lexy,Jakubowski,ljakubowskiqn@alibaba.com,Agender,215.187.89.22
961,Chiquia,Darinton,cdarintonqo@cbc.ca,Female,196.84.237.179
962,Zerk,Curtis,zcurtisqp@opensource.org,Agender,179.247.25.1
963,Tasha,Hingeley,thingeleyqq@spotify.com,Genderqueer,80.203.64.71
964,Dominique,Sacase,dsacaseqr@fastcompany.com,Polygender,232.30.228.111
965,Malinde,O'Loinn,moloinnqs@deliciousdays.com,Genderfluid,238.33.161.165
966,Stuart,Kusick,skusickqt@mit.edu,Bigender,28.227.223.109
967,Damita,Christene,dchristenequ@samsung.com,Agender,230.48.99.32
968,Rosita,MacMenamie,rmacmenamieqv@google.com.br,Male,205.80.58.220
969,Fraser,Imlaw,fimlawqw@dion.ne.jp,Genderfluid,7.180.31.82
970,Lydia,Losano,llosanoqx@jimdo.com,Genderfluid,1.73.251.140
971,Carlotta,Oakenford,coakenfordqy@icq.com,Non-binary,127.34.136.95
972,Viola,Heggman,vheggmanqz@dailymotion.com,Male,1.76.206.0
973,Whitaker,Plume,wplumer0@blogger.com,Agender,135.110.225.121
974,Windy,Moseley,wmoseleyr1@delicious.com,Non-binary,192.227.177.127
975,Sophey,Dennitts,sdennittsr2@imdb.com,Non-binary,56.132.22.175
976,Katee,Zupa,kzupar3@ted.com,Polygender,103.125.97.38
977,Anallese,Corran,acorranr4@squidoo.com,Genderqueer,37.130.90.164
978,Raphaela,Silwood,rsilwoodr5@blogtalkradio.com,Genderfluid,106.216.90.155
979,Patin,English,penglishr6@dmoz.org,Male,160.100.174.98
980,Harrie,Knagges,hknaggesr7@vimeo.com,Female,127.64.173.169
981,Noland,Lindro,nlindror8@1688.com,Bigender,142.109.246.228
982,Guenna,Twidle,gtwidler9@symantec.com,Female,56.178.17.238
983,Cordell,Bein,cbeinra@dagondesign.com,Female,77.15.52.42
984,Nellie,Hawkeridge,nhawkeridgerb@histats.com,Genderqueer,16.14.201.6
985,Vachel,I'anson,viansonrc@amazon.com,Genderqueer,27.160.184.108
986,Kathe,Strother,kstrotherrd@w3.org,Genderqueer,108.169.111.232
987,Colline,Latimer,clatimerre@cocolog-nifty.com,Male,56.160.128.40
988,Iggy,Crowhurst,icrowhurstrf@yandex.ru,Polygender,19.85.112.10
989,Melisa,Potten,mpottenrg@reuters.com,Genderfluid,9.149.18.8
990,Alis,Wilkowski,awilkowskirh@paypal.com,Agender,113.7.146.120
991,Cherin,de Tocqueville,cdetocquevilleri@yellowpages.com,Female,248.131.35.246
992,Ase,Edgson,aedgsonrj@umn.edu,Polygender,113.242.149.29
993,Amalle,Kolinsky,akolinskyrk@usatoday.com,Non-binary,4.89.189.173
994,Matty,Bliss,mblissrl@histats.com,Polygender,153.137.230.70
995,Kamilah,Wyld,kwyldrm@gizmodo.com,Bigender,8.183.72.228
996,Ezra,Iacivelli,eiacivellirn@paypal.com,Female,170.8.156.215
997,Callida,Bockett,cbockettro@auda.org.au,Genderqueer,159.67.117.102
998,Nester,Laye,nlayerp@phpbb.com,Female,144.147.159.1
999,Garrik,Bowes,gbowesrq@free.fr,Female,41.98.56.22
1000,Eadith,Sauvain,esauvainrr@nytimes.com,Non-binary,70.173.41.250
